{
  "best_model": "rf",
  "results": {
    "logreg": {
      "ACC": 0.8196218702095044,
      "F1": 0.0,
      "AUC": 0.5084879868317874,
      "label_threshold": 289.2
    },
    "rf": {
      "ACC": 0.5569749616760348,
      "F1": 0.23477493380406,
      "AUC": 0.4895781085529802,
      "label_threshold": 289.2
    }
  },
  "label_threshold": 289.2
}