{
  "best_model": "elasticnet",
  "results": {
    "elasticnet": {
      "MAE": 264.1525194058154,
      "RMSE": 591.5052504409432,
      "R2": -0.002209075952102957
    },
    "rf": {
      "MAE": 290.3825396838426,
      "RMSE": 624.6477781262469,
      "R2": -0.1176646691189378
    },
    "gbr": {
      "MAE": 279.8816899513468,
      "RMSE": 594.3578205344297,
      "R2": -0.011898813030971844
    }
  },
  "cutoff": "2018-07-20"
}